date,customer_id,overdue_date
2024-12-31,6,2024-12-03
2024-12-31,7,2024-12-07
2024-12-31,8,2024-12-19
2024-12-31,21,2024-12-02
2024-12-31,22,2024-04-17
2024-12-31,30,2024-12-20
2024-12-31,31,2024-02-16
2024-12-31,32,2024-12-08
2024-12-31,33,2024-12-25
2024-12-31,37,2024-12-05
2024-12-31,45,2024-12-03
2024-12-31,51,2024-02-17
2024-12-31,54,2024-11-09
2024-12-31,70,2024-11-20
2024-12-31,71,2024-05-30
2024-12-31,74,2024-12-08
2024-12-31,77,2024-12-26
2024-12-31,78,2024-10-08
2024-12-31,79,2024-12-25
2024-12-31,87,2024-07-05
2024-12-31,91,2024-12-16
2024-12-31,93,2024-12-08
2024-12-31,110,2024-05-25
2024-12-31,118,2024-12-25
2024-12-31,123,2024-12-28
2024-12-31,136,2024-12-03
2024-12-31,156,2024-12-15
2024-12-31,163,2024-12-11
2024-12-31,166,2024-12-07
2024-12-31,173,2024-11-28
2024-12-31,183,2024-12-17
2024-12-31,191,2024-11-23
2024-12-31,195,2024-10-04
2024-12-31,209,2024-11-20
2024-12-31,237,2024-10-29
2024-12-31,246,2024-12-09
2024-12-31,249,2024-12-24
2024-12-31,250,2024-11-09
2024-12-31,271,2024-12-25
2024-12-31,278,2024-12-01
2024-12-31,296,2024-12-17
2024-12-31,298,2024-12-22
2024-12-31,306,2024-12-08
2024-12-31,310,2024-07-12
2024-12-31,335,2024-11-18
2024-12-31,352,2024-11-04
2024-12-31,355,2024-12-11
2024-12-31,362,2024-12-22
2024-12-31,366,2024-12-04
2024-12-31,371,2024-10-25
2024-12-31,373,2024-12-08
2024-12-31,381,2024-12-29
2024-12-31,387,2024-12-20
2024-12-31,395,2024-12-14
2024-12-31,408,2024-05-06
2024-12-31,436,2024-12-30
2024-12-31,451,2024-10-03
2024-12-31,454,2024-12-24
2024-12-31,461,2024-12-18
2024-12-31,479,2024-12-19
2024-12-31,480,2024-12-29
2024-12-31,481,2024-12-02
2024-12-31,488,2024-12-07
2024-12-31,499,2024-12-06
2024-12-31,509,2024-12-06
2024-12-31,516,2024-12-12
2024-12-31,526,2024-11-05
2024-12-31,528,2024-10-13
2024-12-31,536,2024-05-23
2024-12-31,538,2024-04-21
2024-12-31,567,2024-12-18
2024-12-31,583,2024-12-09
2024-12-31,587,2024-12-29
2024-12-31,603,2024-11-09
2024-12-31,611,2024-12-08
2024-12-31,639,2024-11-16
2024-12-31,644,2024-10-05
2024-12-31,645,2024-11-25
2024-12-31,648,2024-12-06
2024-12-31,659,2024-12-23
2024-12-31,661,2024-12-21
2024-12-31,664,2024-11-25
2024-12-31,674,2024-10-04
2024-12-31,719,2024-02-12
2024-12-31,720,2024-12-02
2024-12-31,734,2024-12-02
2024-12-31,746,2024-11-06
2024-12-31,750,2024-12-23
2024-12-31,760,2024-12-07
2024-12-31,775,2024-12-02
2024-12-31,781,2024-12-02
2024-12-31,784,2024-12-15
2024-12-31,799,2024-12-28
2024-12-31,800,2024-12-18
2024-12-31,823,2024-12-04
2024-12-31,838,2024-12-14
2024-12-31,861,2024-12-11
2024-12-31,862,2024-11-21
2024-12-31,867,2024-12-14
2024-12-31,896,2024-06-12
2024-12-31,897,2024-12-08
2024-12-31,907,2024-12-07
2024-12-31,927,2024-12-23
2024-12-31,933,2024-12-04
2024-12-31,943,2024-11-06
2024-12-31,945,2024-10-24
2024-12-31,963,2024-12-22
2024-12-31,967,2024-12-28
2024-12-31,972,2024-11-08
2024-12-31,979,2024-12-01
2024-12-31,990,2024-12-26
2024-12-31,996,2024-12-25
2024-12-31,998,2024-12-01
2024-12-31,1004,2024-11-17
2024-12-31,1027,2024-11-05
2024-12-31,1030,2024-12-25
2024-12-31,1039,2024-09-28
2024-12-31,1043,2024-12-03
2024-12-31,1072,2024-11-01
2024-12-31,1075,2024-12-08
2024-12-31,1079,2024-12-11
2024-12-31,1092,2024-10-19
2024-12-31,1093,2024-01-19
2024-12-31,1110,2024-12-20
2024-12-31,1117,2024-07-04
2024-12-31,1128,2024-04-26
2024-12-31,1133,2024-10-28
2024-12-31,1138,2024-06-07
2024-12-31,1155,2024-12-14
2024-12-31,1158,2024-12-28
2024-12-31,1160,2024-12-01
2024-12-31,1168,2024-12-14
2024-12-31,1171,2024-12-04
2024-12-31,1176,2024-12-09
2024-12-31,1186,2024-12-05
2024-12-31,1191,2024-12-30
2024-12-31,1204,2024-12-01
2024-12-31,1211,2024-12-23
2024-12-31,1217,2024-12-19
2024-12-31,1218,2024-12-08
2024-12-31,1244,2024-12-01
2024-12-31,1264,2024-11-01
2024-12-31,1277,2024-12-14
2024-12-31,1285,2024-06-20
2024-12-31,1287,2024-12-15
2024-12-31,1296,2024-11-13
2024-12-31,1344,2024-11-25
2024-12-31,1349,2024-10-22
2024-12-31,1375,2024-10-25
2024-12-31,1384,2024-11-01
2024-12-31,1392,2024-12-03
2024-12-31,1402,2024-12-30
2024-12-31,1423,2024-10-14
2024-12-31,1424,2024-11-11
2024-12-31,1449,2024-12-24
2024-12-31,1458,2024-12-11
2024-12-31,1468,2024-12-03
2024-12-31,1478,2024-12-30
2024-12-31,1499,2024-11-10
2024-12-31,1519,2024-12-23
2024-12-31,1543,2024-12-14
2024-12-31,1555,2024-12-23
2024-12-31,1565,2024-12-29
2024-12-31,1568,2024-12-26
2024-12-31,1578,2024-12-26
2024-12-31,1617,2024-12-29
2024-12-31,1626,2024-11-09
2024-12-31,1644,2024-12-11
2024-12-31,1650,2024-12-20
2024-12-31,1674,2024-11-27
2024-12-31,1701,2024-11-02
2024-12-31,1710,2024-10-18
2024-12-31,1720,2024-11-18
2024-12-31,1728,2024-12-03
2024-12-31,1738,2024-12-03
2024-12-31,1747,2024-06-13
2024-12-31,1754,2024-11-12
2024-12-31,1756,2024-12-07
2024-12-31,1769,2024-10-18
2024-12-31,1773,2024-12-12
2024-12-31,1774,2024-12-18
2024-12-31,1785,2024-12-26
2024-12-31,1793,2024-12-20
2024-12-31,1807,2024-11-12
2024-12-31,1812,2024-12-14
2024-12-31,1816,2024-12-14
2024-12-31,1835,2024-12-09
2024-12-31,1845,2024-11-17
2024-12-31,1852,2024-11-26
2024-12-31,1861,2024-10-23
2024-12-31,1865,2024-12-08
2024-12-31,1880,2024-11-09
2024-12-31,1881,2024-04-03
2024-12-31,1886,2024-12-23
2024-12-31,1896,2024-12-20
2024-12-31,1897,2024-12-12
2024-12-31,1922,2024-12-27
2024-12-31,1927,2024-12-27
2024-12-31,1934,2024-12-23
2024-12-31,1939,2024-12-12
2024-12-31,1952,2024-11-16
2024-12-31,1957,2024-12-26
2024-12-31,1966,2024-12-18
2024-12-31,1971,2024-12-05
2024-12-31,1981,2024-12-15
2024-12-31,1984,2024-12-22
2024-12-31,2011,2024-12-10
2024-12-31,2015,2024-11-08
2024-12-31,2019,2024-12-06
2024-12-31,2023,2024-12-02
2024-12-31,2025,2024-03-03
2024-12-31,2047,2024-12-23
2024-12-31,2049,2024-12-18
2024-12-31,2072,2024-12-29
2024-12-31,2074,2024-07-19
2024-12-31,2081,2024-12-11
2024-12-31,2088,2024-12-28
2024-12-31,2107,2024-11-10
2024-12-31,2108,2024-12-06
2024-12-31,2125,2024-12-20
2024-12-31,2138,2024-12-02
2024-12-31,2144,2024-11-26
2024-12-31,2169,2024-08-09
2024-12-31,2173,2024-12-27
2024-12-31,2199,2024-10-23
2024-12-31,2222,2024-12-10
2024-12-31,2223,2024-12-24
2024-12-31,2224,2024-11-11
2024-12-31,2227,2024-11-01
2024-12-31,2234,2024-12-18
2024-12-31,2237,2024-12-06
2024-12-31,2240,2024-10-25
2024-12-31,2247,2024-11-28
2024-12-31,2249,2024-10-23
2024-12-31,2259,2024-12-28
2024-12-31,2268,2024-12-01
2024-12-31,2281,2024-12-19
2024-12-31,2292,2024-12-27
2024-12-31,2301,2024-12-22
2024-12-31,2350,2024-12-19
2024-12-31,2352,2024-12-08
2024-12-31,2364,2024-11-18
2024-12-31,2393,2024-12-18
2024-12-31,2406,2024-07-17
2024-12-31,2418,2024-12-28
2024-12-31,2425,2024-11-23
2024-12-31,2428,2024-12-30
2024-12-31,2442,2024-12-10
2024-12-31,2445,2024-12-13
2024-12-31,2450,2024-12-01
2024-12-31,2455,2024-12-11
2024-12-31,2461,2024-04-24
2024-12-31,2464,2024-12-14
2024-12-31,2479,2024-12-18
2024-12-31,2499,2024-12-01
2024-12-31,2506,2024-12-23
2024-12-31,2509,2024-11-07
2024-12-31,2532,2024-12-24
2024-12-31,2559,2024-11-27
2024-12-31,2560,2024-10-24
2024-12-31,2562,2024-06-29
2024-12-31,2577,2024-12-12
2024-12-31,2589,2024-12-22
2024-12-31,2592,2024-11-08
2024-12-31,2599,2024-12-23
2024-12-31,2602,2024-06-04
2024-12-31,2617,2024-12-04
2024-12-31,2620,2024-12-15
2024-12-31,2627,2024-10-15
2024-12-31,2636,2024-08-01
2024-12-31,2641,2024-12-26
2024-12-31,2650,2024-08-28
2024-12-31,2660,2024-12-09
2024-12-31,2695,2024-12-28
2024-12-31,2703,2024-12-05
2024-12-31,2705,2024-11-02
2024-12-31,2709,2024-10-31
2024-12-31,2712,2024-12-28
2024-12-31,2718,2024-11-18
2024-12-31,2720,2024-11-11
2024-12-31,2721,2024-11-04
2024-12-31,2724,2024-11-13
2024-12-31,2753,2024-11-21
2024-12-31,2771,2024-12-04
2024-12-31,2784,2024-12-15
2024-12-31,2789,2024-12-01
2024-12-31,2800,2024-12-19
2024-12-31,2805,2024-11-07
2024-12-31,2815,2024-12-27
2024-12-31,2827,2024-10-05
2024-12-31,2828,2024-12-07
2024-12-31,2841,2024-12-29
2024-12-31,2848,2024-11-14
2024-12-31,2854,2024-10-21
2024-12-31,2882,2024-11-07
2024-12-31,2899,2024-11-30
2024-12-31,2913,2024-11-09
2024-12-31,2914,2024-01-11
2024-12-31,2922,2024-03-23
2024-12-31,2932,2024-07-17
2024-12-31,2933,2024-12-09
2024-12-31,2949,2024-11-15
2024-12-31,2964,2024-12-30
2024-12-31,2967,2024-12-21
2024-12-31,2985,2024-12-15
2024-12-31,2995,2024-12-30
2024-12-31,2997,2024-12-28
2024-12-31,3003,2024-12-26
2024-12-31,3007,2024-12-04
2024-12-31,3011,2024-10-09
2024-12-31,3014,2024-12-27
2024-12-31,3030,2024-12-10
2024-12-31,3071,2024-11-19
2024-12-31,3089,2024-12-11
2024-12-31,3098,2024-12-30
2024-12-31,3101,2024-12-21
2024-12-31,3113,2024-11-13
2024-12-31,3125,2024-12-20
2024-12-31,3127,2024-08-02
2024-12-31,3130,2024-11-07
2024-12-31,3133,2024-10-06
2024-12-31,3148,2024-11-22
2024-12-31,3160,2024-11-04
2024-12-31,3161,2024-11-08
2024-12-31,3170,2024-12-19
2024-12-31,3174,2024-12-22
2024-12-31,3182,2024-08-23
2024-12-31,3218,2024-12-03
2024-12-31,3221,2024-12-21
2024-12-31,3224,2024-10-20
2024-12-31,3242,2024-12-28
2024-12-31,3247,2024-11-06
2024-12-31,3254,2024-12-26
2024-12-31,3255,2024-12-20
2024-12-31,3256,2024-12-12
2024-12-31,3269,2024-12-12
2024-12-31,3272,2024-12-04
2024-12-31,3275,2024-12-26
2024-12-31,3278,2024-12-10
2024-12-31,3280,2024-12-18
2024-12-31,3309,2024-10-16
2024-12-31,3324,2024-12-28
2024-12-31,3333,2024-12-30
2024-12-31,3340,2024-12-03
2024-12-31,3344,2024-11-24
2024-12-31,3371,2024-11-10
2024-12-31,3378,2024-04-04
2024-12-31,3383,2024-11-07
2024-12-31,3385,2024-12-03
2024-12-31,3386,2024-11-16
2024-12-31,3391,2024-12-01
2024-12-31,3403,2024-12-30
2024-12-31,3407,2024-12-01
2024-12-31,3420,2024-12-01
2024-12-31,3431,2024-11-14
2024-12-31,3443,2024-10-13
2024-12-31,3454,2024-12-28
2024-12-31,3465,2024-06-26
2024-12-31,3475,2024-11-20
2024-12-31,3487,2024-12-27
2024-12-31,3494,2024-12-10
2024-12-31,3520,2024-11-06
2024-12-31,3526,2024-12-26
2024-12-31,3543,2024-12-01
2024-12-31,3553,2024-12-12
2024-12-31,3554,2024-10-26
2024-12-31,3569,2024-10-28
2024-12-31,3571,2024-12-25
2024-12-31,3596,2024-11-30
2024-12-31,3637,2024-12-11
2024-12-31,3673,2024-10-18
2024-12-31,3686,2024-12-08
2024-12-31,3707,2024-11-30
2024-12-31,3713,2024-11-18
2024-12-31,3723,2024-12-04
2024-12-31,3734,2024-12-14
2024-12-31,3741,2024-12-16
2024-12-31,3742,2024-12-28
2024-12-31,3753,2024-12-09
2024-12-31,3754,2024-12-20
2024-12-31,3767,2024-12-13
2024-12-31,3771,2024-02-21
2024-12-31,3776,2024-12-15
2024-12-31,3784,2024-06-01
2024-12-31,3797,2024-12-11
2024-12-31,3813,2024-12-25
2024-12-31,3824,2024-12-17
2024-12-31,3830,2024-11-15
2024-12-31,3832,2024-10-26
2024-12-31,3834,2024-12-12
2024-12-31,3841,2024-11-11
2024-12-31,3854,2024-11-04
2024-12-31,3855,2024-12-26
2024-12-31,3863,2024-11-08
2024-12-31,3864,2024-12-28
2024-12-31,3866,2024-12-27
2024-12-31,3874,2024-12-22
2024-12-31,3884,2024-12-17
2024-12-31,3897,2024-12-28
2024-12-31,3900,2024-10-04
2024-12-31,3910,2024-11-11
2024-12-31,3925,2024-11-15
2024-12-31,3929,2024-12-12
2024-12-31,3930,2024-12-12
2024-12-31,3932,2024-12-25
2024-12-31,3941,2024-10-10
2024-12-31,3945,2024-11-13
2024-12-31,3947,2024-12-08
2024-12-31,3949,2024-12-08
2024-12-31,3988,2024-12-11
2024-12-31,3992,2024-12-10
2024-12-31,3996,2024-12-28
2024-12-31,3998,2024-10-04
2024-12-31,4004,2024-12-24
2024-12-31,4005,2024-12-03
2024-12-31,4009,2024-11-17
2024-12-31,4029,2024-11-21
2024-12-31,4043,2024-10-21
2024-12-31,4044,2024-11-10
2024-12-31,4047,2024-12-16
2024-12-31,4053,2024-10-24
2024-12-31,4059,2024-10-11
2024-12-31,4074,2024-12-22
2024-12-31,4087,2024-12-01
2024-12-31,4088,2024-12-27
2024-12-31,4091,2024-10-02
2024-12-31,4113,2024-12-22
2024-12-31,4115,2024-12-08
2024-12-31,4124,2024-11-10
2024-12-31,4131,2024-12-12
2024-12-31,4134,2024-12-09
2024-12-31,4141,2024-11-21
2024-12-31,4142,2024-12-06
2024-12-31,4145,2024-10-21
2024-12-31,4154,2024-12-19
2024-12-31,4158,2024-11-10
2024-12-31,4165,2024-11-16
2024-12-31,4174,2024-12-19
2024-12-31,4179,2024-11-10
2024-12-31,4183,2024-10-27
2024-12-31,4184,2024-07-10
2024-12-31,4191,2024-12-16
2024-12-31,4204,2024-07-12
2024-12-31,4206,2024-12-27
2024-12-31,4212,2024-12-09
2024-12-31,4213,2024-12-11
2024-12-31,4232,2024-11-17
2024-12-31,4235,2024-07-11
2024-12-31,4248,2024-12-13
2024-12-31,4256,2024-12-19
2024-12-31,4258,2024-09-11
2024-12-31,4261,2024-12-07
2024-12-31,4280,2024-12-17
2024-12-31,4297,2024-12-27
2024-12-31,4304,2024-11-08
2024-12-31,4313,2024-11-23
2024-12-31,4326,2024-12-16
2024-12-31,4331,2024-12-21
2024-12-31,4334,2024-11-04
2024-12-31,4358,2024-11-16
2024-12-31,4359,2024-12-27
2024-12-31,4367,2024-12-23
2024-12-31,4388,2024-12-08
2024-12-31,4389,2024-12-28
2024-12-31,4403,2024-11-10
2024-12-31,4412,2024-12-09
2024-12-31,4438,2024-12-01
2024-12-31,4439,2024-12-14
2024-12-31,4445,2024-12-06
2024-12-31,4466,2024-12-29
2024-12-31,4478,2024-10-25
2024-12-31,4495,2024-12-08
2024-12-31,4496,2024-12-18
2024-12-31,4507,2024-11-22
2024-12-31,4509,2024-11-27
2024-12-31,4541,2024-12-25
2024-12-31,4550,2024-12-10
2024-12-31,4560,2024-12-04
2024-12-31,4568,2024-07-03
2024-12-31,4593,2024-12-20
2024-12-31,4602,2024-08-09
2024-12-31,4605,2024-10-30
2024-12-31,4610,2024-08-22
2024-12-31,4620,2024-10-02
2024-12-31,4645,2024-11-25
2024-12-31,4675,2024-12-20
2024-12-31,4679,2024-12-28
2024-12-31,4683,2024-12-16
2024-12-31,4686,2024-12-28
2024-12-31,4709,2024-12-05
2024-12-31,4719,2024-12-18
2024-12-31,4720,2024-11-13
2024-12-31,4735,2024-11-05
2024-12-31,4757,2024-12-07
2024-12-31,4778,2024-12-09
2024-12-31,4781,2024-12-08
2024-12-31,4784,2024-12-21
2024-12-31,4798,2024-12-10
2024-12-31,4815,2024-12-18
2024-12-31,4850,2024-12-04
2024-12-31,4871,2024-12-28
2024-12-31,4906,2024-12-30
2024-12-31,4911,2024-11-29
2024-12-31,4918,2024-11-25
2024-12-31,4937,2024-12-10
2024-12-31,4942,2024-11-11
2024-12-31,4947,2024-12-23
2024-12-31,5003,2024-12-24
2024-12-31,5011,2024-12-20
2024-12-31,5016,2024-11-23
2024-12-31,5020,2024-12-12
2024-12-31,5025,2024-10-22
2024-12-31,5032,2024-03-09
2024-12-31,5038,2024-11-25
2024-12-31,5046,2024-12-27
2024-12-31,5066,2024-12-23
2024-12-31,5102,2024-10-24
2024-12-31,5116,2024-12-08
2024-12-31,5121,2024-12-30
2024-12-31,5122,2024-12-28
2024-12-31,5124,2024-12-10
2024-12-31,5126,2024-11-11
2024-12-31,5148,2024-11-09
2024-12-31,5167,2024-12-16
2024-12-31,5168,2024-12-23
2024-12-31,5183,2024-12-08
2024-12-31,5195,2024-12-19
2024-12-31,5197,2024-02-01
2024-12-31,5205,2024-12-05
2024-12-31,5216,2024-12-05
2024-12-31,5226,2024-12-15
2024-12-31,5230,2024-12-27
2024-12-31,5245,2024-11-28
2024-12-31,5253,2024-06-06
2024-12-31,5272,2024-11-06
2024-12-31,5275,2024-12-18
2024-12-31,5292,2024-10-09
2024-12-31,5294,2024-12-02
2024-12-31,5309,2024-08-19
2024-12-31,5310,2024-08-18
2024-12-31,5343,2024-11-09
2024-12-31,5346,2024-12-05
2024-12-31,5370,2024-12-22
2024-12-31,5378,2024-11-17
2024-12-31,5379,2024-05-11
2024-12-31,5384,2024-10-26
2024-12-31,5407,2024-12-25
2024-12-31,5430,2024-12-08
2024-12-31,5443,2024-10-03
2024-12-31,5444,2024-11-25
2024-12-31,5454,2024-11-30
2024-12-31,5457,2024-12-22
2024-12-31,5459,2024-12-11
2024-12-31,5469,2024-10-23
2024-12-31,5470,2024-11-04
2024-12-31,5472,2024-12-02
2024-12-31,5476,2024-12-12
2024-12-31,5488,2024-12-03
2024-12-31,5489,2024-12-24
2024-12-31,5510,2024-05-01
2024-12-31,5528,2024-12-12
2024-12-31,5535,2024-12-21
2024-12-31,5536,2024-12-09
2024-12-31,5555,2024-12-06
2024-12-31,5564,2024-03-16
2024-12-31,5591,2024-11-10
2024-12-31,5592,2024-01-13
2024-12-31,5600,2024-12-12
2024-12-31,5601,2024-11-19
2024-12-31,5617,2024-12-04
2024-12-31,5622,2024-04-29
2024-12-31,5631,2024-11-18
2024-12-31,5650,2024-12-09
2024-12-31,5660,2024-12-26
2024-12-31,5669,2024-12-13
2024-12-31,5677,2024-12-14
2024-12-31,5702,2024-11-24
2024-12-31,5704,2024-11-09
2024-12-31,5736,2024-11-21
2024-12-31,5746,2024-12-07
2024-12-31,5769,2024-11-01
2024-12-31,5788,2024-04-02
2024-12-31,5792,2024-12-22
2024-12-31,5804,2024-12-29
2024-12-31,5806,2024-11-15
2024-12-31,5820,2024-12-11
2024-12-31,5828,2024-12-12
2024-12-31,5846,2024-12-03
2024-12-31,5849,2024-12-04
2024-12-31,5853,2024-11-23
2024-12-31,5858,2024-10-14
2024-12-31,5859,2024-12-16
2024-12-31,5866,2024-09-27
2024-12-31,5871,2024-11-26
2024-12-31,5877,2024-12-01
2024-12-31,5878,2024-11-30
2024-12-31,5881,2024-12-18
2024-12-31,5885,2024-10-07
2024-12-31,5918,2024-12-27
2024-12-31,5925,2024-12-25
2024-12-31,5929,2024-12-16
2024-12-31,5942,2024-12-05
2024-12-31,5955,2024-12-08
2024-12-31,5967,2024-08-14
2024-12-31,6005,2024-12-01
2024-12-31,6011,2024-11-19
2024-12-31,6033,2024-12-18
2024-12-31,6055,2024-12-17
2024-12-31,6084,2024-12-07
2024-12-31,6089,2024-09-11
2024-12-31,6094,2024-12-06
2024-12-31,6110,2024-12-20
2024-12-31,6113,2024-12-08
2024-12-31,6127,2024-11-01
2024-12-31,6133,2024-12-25
2024-12-31,6149,2024-11-14
2024-12-31,6158,2024-05-06
2024-12-31,6163,2024-12-05
2024-12-31,6172,2024-11-09
2024-12-31,6183,2024-11-21
2024-12-31,6184,2024-12-24
2024-12-31,6190,2024-11-26
2024-12-31,6202,2024-11-19
2024-12-31,6213,2024-12-05
2024-12-31,6215,2024-12-18
2024-12-31,6226,2024-12-13
2024-12-31,6255,2024-11-25
2024-12-31,6269,2024-12-23
2024-12-31,6281,2024-12-15
2024-12-31,6293,2024-11-27
2024-12-31,6326,2024-04-06
2024-12-31,6328,2024-12-15
2024-12-31,6351,2024-12-24
2024-12-31,6368,2024-12-23
2024-12-31,6370,2024-12-15
2024-12-31,6378,2024-12-23
2024-12-31,6409,2024-11-25
2024-12-31,6418,2024-11-26
2024-12-31,6453,2024-11-24
2024-12-31,6461,2024-10-11
2024-12-31,6463,2024-12-06
2024-12-31,6479,2024-12-30
2024-12-31,6481,2024-12-24
2024-12-31,6482,2024-12-15
2024-12-31,6483,2024-11-04
2024-12-31,6506,2024-12-26
2024-12-31,6508,2024-11-19
2024-12-31,6532,2024-12-22
2024-12-31,6534,2024-11-23
2024-12-31,6539,2024-06-26
2024-12-31,6558,2024-12-22
2024-12-31,6574,2024-12-06
2024-12-31,6582,2024-12-26
2024-12-31,6589,2024-12-13
2024-12-31,6596,2024-01-23
2024-12-31,6605,2024-10-14
2024-12-31,6609,2024-12-08
2024-12-31,6612,2024-12-19
2024-12-31,6618,2024-09-25
2024-12-31,6659,2024-11-17
2024-12-31,6662,2024-12-14
2024-12-31,6671,2024-11-22
2024-12-31,6684,2024-11-07
2024-12-31,6694,2024-12-28
2024-12-31,6705,2024-12-18
2024-12-31,6726,2024-12-04
2024-12-31,6727,2024-11-24
2024-12-31,6734,2024-12-10
2024-12-31,6756,2024-12-01
2024-12-31,6760,2024-12-18
2024-12-31,6766,2024-12-24
2024-12-31,6778,2024-12-09
2024-12-31,6788,2024-12-07
2024-12-31,6796,2024-12-13
2024-12-31,6805,2024-10-06
2024-12-31,6836,2024-12-17
2024-12-31,6840,2024-12-06
2024-12-31,6853,2024-12-24
2024-12-31,6861,2024-12-24
2024-12-31,6887,2024-12-12
2024-12-31,6891,2024-11-27
2024-12-31,6892,2024-12-18
2024-12-31,6903,2024-12-25
2024-12-31,6912,2024-12-17
2024-12-31,6928,2024-12-12
2024-12-31,6948,2024-12-06
2024-12-31,6953,2024-12-21
2024-12-31,6955,2024-11-05
2024-12-31,6961,2024-12-02
2024-12-31,6963,2024-12-28
2024-12-31,6965,2024-12-06
2024-12-31,6966,2024-12-26
2024-12-31,6971,2024-12-30
2024-12-31,6973,2024-12-08
2024-12-31,6982,2024-11-12
2024-12-31,6987,2024-12-17
2024-12-31,6989,2024-12-15
2024-12-31,6995,2024-12-20
2024-12-31,7004,2024-11-09
2024-12-31,7015,2024-12-03
2024-12-31,7023,2024-12-23
2024-12-31,7052,2024-12-30
2024-12-31,7069,2024-12-24
2024-12-31,7076,2024-12-03
2024-12-31,7078,2024-12-20
2024-12-31,7093,2024-12-13
2024-12-31,7104,2024-11-23
2024-12-31,7112,2024-12-03
2024-12-31,7119,2024-12-26
2024-12-31,7123,2024-12-23
2024-12-31,7125,2024-11-23
2024-12-31,7132,2024-11-18
2024-12-31,7136,2024-12-03
2024-12-31,7144,2024-10-03
2024-12-31,7146,2024-12-30
2024-12-31,7172,2024-12-10
2024-12-31,7174,2024-12-14
2024-12-31,7180,2024-10-30
2024-12-31,7195,2024-12-27
2024-12-31,7196,2024-12-04
2024-12-31,7199,2024-11-18
2024-12-31,7200,2024-12-10
2024-12-31,7202,2024-11-11
2024-12-31,7203,2024-10-27
2024-12-31,7217,2024-11-05
2024-12-31,7229,2024-12-03
2024-12-31,7232,2024-12-29
2024-12-31,7249,2024-12-12
2024-12-31,7252,2024-10-28
2024-12-31,7260,2024-11-02
2024-12-31,7268,2024-12-27
2024-12-31,7281,2024-12-15
2024-12-31,7285,2024-10-28
2024-12-31,7289,2024-11-22
2024-12-31,7318,2024-11-23
2024-12-31,7321,2024-02-06
2024-12-31,7326,2024-12-27
2024-12-31,7376,2024-11-14
2024-12-31,7390,2024-12-22
2024-12-31,7393,2024-12-04
2024-12-31,7397,2024-12-01
2024-12-31,7423,2024-12-26
2024-12-31,7429,2024-11-03
2024-12-31,7432,2024-11-10
2024-12-31,7440,2024-12-08
2024-12-31,7441,2024-12-25
2024-12-31,7451,2024-07-09
2024-12-31,7464,2024-10-04
2024-12-31,7468,2024-04-12
2024-12-31,7470,2024-12-04
2024-12-31,7478,2024-11-07
2024-12-31,7524,2024-12-09
2024-12-31,7549,2024-12-13
2024-12-31,7577,2024-10-02
2024-12-31,7596,2024-08-11
2024-12-31,7614,2024-12-29
2024-12-31,7624,2024-11-14
2024-12-31,7630,2024-12-23
2024-12-31,7632,2024-10-17
2024-12-31,7634,2024-05-26
2024-12-31,7636,2024-12-22
2024-12-31,7640,2024-12-12
2024-12-31,7649,2024-11-23
2024-12-31,7653,2024-12-22
2024-12-31,7661,2024-11-21
2024-12-31,7678,2024-12-25
2024-12-31,7682,2024-10-17
2024-12-31,7689,2024-12-19
2024-12-31,7692,2024-12-07
2024-12-31,7701,2024-12-27
2024-12-31,7707,2024-12-24
2024-12-31,7710,2024-10-06
2024-12-31,7740,2024-11-11
2024-12-31,7747,2024-12-10
2024-12-31,7755,2024-11-01
2024-12-31,7757,2024-12-04
2024-12-31,7810,2024-11-22
2024-12-31,7845,2024-12-15
2024-12-31,7847,2024-12-08
2024-12-31,7850,2024-12-10
2024-12-31,7857,2024-06-15
2024-12-31,7873,2024-04-14
2024-12-31,7874,2024-11-05
2024-12-31,7882,2024-12-07
2024-12-31,7892,2024-11-18
2024-12-31,7907,2024-12-28
2024-12-31,7923,2024-12-13
2024-12-31,7929,2024-12-17
2024-12-31,7974,2024-12-25
2024-12-31,7995,2024-10-25
2024-12-31,8006,2024-11-04
2024-12-31,8009,2024-06-06
2024-12-31,8020,2024-12-20
2024-12-31,8022,2024-10-13
2024-12-31,8039,2024-12-29
2024-12-31,8040,2024-12-07
2024-12-31,8054,2024-11-09
2024-12-31,8064,2024-11-03
2024-12-31,8085,2024-12-27
2024-12-31,8086,2024-12-08
2024-12-31,8093,2024-12-23
2024-12-31,8128,2024-04-05
2024-12-31,8160,2024-12-20
2024-12-31,8176,2024-09-04
2024-12-31,8178,2024-02-28
2024-12-31,8188,2024-10-19
2024-12-31,8205,2024-12-10
2024-12-31,8219,2024-11-27
2024-12-31,8220,2024-12-15
2024-12-31,8221,2024-12-15
2024-12-31,8222,2024-12-23
2024-12-31,8292,2024-11-22
2024-12-31,8304,2024-11-23
2024-12-31,8318,2024-11-06
2024-12-31,8328,2024-12-09
2024-12-31,8337,2024-12-30
2024-12-31,8341,2024-12-28
2024-12-31,8367,2024-12-16
2024-12-31,8372,2024-05-28
2024-12-31,8419,2024-09-18
2024-12-31,8425,2024-10-15
2024-12-31,8446,2024-12-08
2024-12-31,8450,2024-07-11
2024-12-31,8474,2024-12-20
2024-12-31,8482,2024-12-16
2024-12-31,8484,2024-12-29
2024-12-31,8490,2024-11-29
2024-12-31,8495,2024-12-10
2024-12-31,8506,2024-12-09
2024-12-31,8516,2024-11-04
2024-12-31,8522,2024-12-14
2024-12-31,8525,2024-12-27
2024-12-31,8551,2024-09-01
2024-12-31,8583,2024-11-16
2024-12-31,8588,2024-12-21
2024-12-31,8593,2024-11-23
2024-12-31,8596,2024-12-16
2024-12-31,8614,2024-12-20
2024-12-31,8620,2024-12-08
2024-12-31,8621,2024-03-14
2024-12-31,8627,2024-12-12
2024-12-31,8631,2024-12-12
2024-12-31,8633,2024-10-16
2024-12-31,8672,2024-11-01
2024-12-31,8707,2024-10-03
2024-12-31,8729,2024-11-20
2024-12-31,8738,2024-10-22
2024-12-31,8744,2024-05-23
2024-12-31,8746,2024-10-24
2024-12-31,8754,2024-12-07
2024-12-31,8772,2024-12-23
2024-12-31,8798,2024-12-23
2024-12-31,8818,2024-04-14
2024-12-31,8832,2024-12-13
2024-12-31,8833,2024-11-07
2024-12-31,8837,2024-10-06
2024-12-31,8841,2024-12-25
2024-12-31,8853,2024-12-19
2024-12-31,8855,2024-11-27
2024-12-31,8868,2024-12-18
2024-12-31,8900,2024-11-29
2024-12-31,8904,2024-12-01
2024-12-31,8914,2024-12-25
2024-12-31,8919,2024-06-16
2024-12-31,8924,2024-12-11
2024-12-31,8931,2024-12-10
2024-12-31,8932,2024-12-14
2024-12-31,8947,2024-12-27
2024-12-31,8952,2024-12-30
2024-12-31,8957,2024-12-02
2024-12-31,8961,2024-11-26
2024-12-31,8966,2024-12-03
2024-12-31,8969,2024-12-03
2024-12-31,8982,2024-12-12
2024-12-31,8987,2024-10-27
2024-12-31,9002,2024-12-16
2024-12-31,9009,2024-12-18
2024-12-31,9010,2024-11-13
2024-12-31,9014,2024-12-16
2024-12-31,9018,2024-12-07
2024-12-31,9019,2024-11-08
2024-12-31,9024,2024-04-03
2024-12-31,9033,2024-11-11
2024-12-31,9047,2024-11-10
2024-12-31,9057,2024-12-05
2024-12-31,9063,2024-12-12
2024-12-31,9065,2024-12-27
2024-12-31,9066,2024-09-03
2024-12-31,9069,2024-10-22
2024-12-31,9070,2024-08-15
2024-12-31,9083,2024-08-31
2024-12-31,9094,2024-12-20
2024-12-31,9101,2024-12-07
2024-12-31,9124,2024-02-19
2024-12-31,9138,2024-12-02
2024-12-31,9156,2024-12-19
2024-12-31,9174,2024-10-09
2024-12-31,9187,2024-10-03
2024-12-31,9190,2024-11-30
2024-12-31,9195,2024-11-11
2024-12-31,9217,2024-10-12
2024-12-31,9220,2024-12-29
2024-12-31,9224,2024-12-21
2024-12-31,9234,2024-12-15
2024-12-31,9253,2024-12-13
2024-12-31,9292,2024-12-27
2024-12-31,9301,2024-11-14
2024-12-31,9309,2024-12-30
2024-12-31,9310,2024-06-07
2024-12-31,9332,2024-12-23
2024-12-31,9335,2024-12-21
2024-12-31,9338,2024-12-12
2024-12-31,9358,2024-12-17
2024-12-31,9375,2024-12-06
2024-12-31,9384,2024-11-14
2024-12-31,9393,2024-12-19
2024-12-31,9411,2024-12-27
2024-12-31,9423,2024-11-03
2024-12-31,9427,2024-12-11
2024-12-31,9441,2024-11-03
2024-12-31,9455,2024-10-18
2024-12-31,9462,2024-12-06
2024-12-31,9466,2024-11-01
2024-12-31,9470,2024-10-21
2024-12-31,9491,2024-12-20
2024-12-31,9496,2024-12-20
2024-12-31,9498,2024-12-13
2024-12-31,9502,2024-11-08
2024-12-31,9505,2024-10-15
2024-12-31,9508,2024-10-10
2024-12-31,9513,2024-12-30
2024-12-31,9518,2024-12-05
2024-12-31,9523,2024-10-27
2024-12-31,9551,2024-11-10
2024-12-31,9567,2024-11-16
2024-12-31,9571,2024-02-13
2024-12-31,9573,2024-12-08
2024-12-31,9582,2024-11-18
2024-12-31,9591,2024-12-24
2024-12-31,9607,2024-12-11
2024-12-31,9612,2024-12-09
2024-12-31,9613,2024-12-06
2024-12-31,9619,2024-10-24
2024-12-31,9621,2024-10-08
2024-12-31,9630,2024-12-26
2024-12-31,9638,2024-11-16
2024-12-31,9645,2024-11-22
2024-12-31,9656,2024-12-06
2024-12-31,9657,2024-12-06
2024-12-31,9667,2024-02-26
2024-12-31,9669,2024-12-10
2024-12-31,9676,2024-11-01
2024-12-31,9678,2024-12-22
2024-12-31,9687,2024-10-04
2024-12-31,9688,2024-12-29
2024-12-31,9691,2024-12-22
2024-12-31,9694,2024-11-26
2024-12-31,9711,2024-10-06
2024-12-31,9751,2024-11-11
2024-12-31,9753,2024-12-25
2024-12-31,9755,2024-12-27
2024-12-31,9764,2024-11-25
2024-12-31,9770,2024-11-13
2024-12-31,9823,2024-12-21
2024-12-31,9847,2024-11-02
2024-12-31,9851,2024-12-27
2024-12-31,9854,2024-10-10
2024-12-31,9859,2024-10-05
2024-12-31,9860,2024-11-07
2024-12-31,9863,2024-12-01
2024-12-31,9864,2024-12-30
2024-12-31,9866,2024-12-20
2024-12-31,9873,2024-12-02
2024-12-31,9876,2024-12-30
2024-12-31,9892,2024-10-20
2024-12-31,9894,2024-01-17
2024-12-31,9895,2024-12-23
2024-12-31,9905,2024-11-19
2024-12-31,9912,2024-12-29
2024-12-31,9917,2024-09-09
2024-12-31,9920,2024-11-25
2024-12-31,9923,2024-12-16
2024-12-31,9928,2024-12-01
2024-12-31,9936,2024-11-12
2024-12-31,9941,2024-12-16
2024-12-31,9944,2024-12-09
2024-12-31,9970,2024-12-23
2024-12-31,9978,2024-10-29
2024-12-31,9979,2024-12-15
2024-12-31,9981,2024-12-04
2024-12-31,9999,2024-12-29
2024-12-31,10035,2024-12-08
2024-12-31,10038,2024-12-25
2024-12-31,10039,2024-12-15
2024-12-31,10050,2024-11-23
2024-12-31,10058,2024-12-07
2024-12-31,10066,2024-12-02
2024-12-31,10068,2024-12-06
2024-12-31,10073,2024-12-02
2024-12-31,10080,2024-12-29
2024-12-31,10089,2024-12-21
2024-12-31,10093,2024-12-29
2024-12-31,10099,2024-11-04
2024-12-31,10113,2024-10-19
2024-12-31,10117,2024-10-12
2024-12-31,10119,2024-12-08
2024-12-31,10174,2024-02-21
2024-12-31,10193,2024-10-04
2024-12-31,10197,2024-11-15
2024-12-31,10204,2024-11-15
2024-12-31,10207,2024-11-22
2024-12-31,10209,2024-12-08
2024-12-31,10220,2024-12-04
2024-12-31,10229,2024-11-23
2024-12-31,10242,2024-12-05
2024-12-31,10257,2024-12-13
2024-12-31,10272,2024-12-09
2024-12-31,10273,2024-08-01
2024-12-31,10276,2024-12-21
2024-12-31,10277,2024-10-28
2024-12-31,10280,2024-12-23
2024-12-31,10281,2024-12-20
2024-12-31,10285,2024-11-19
2024-12-31,10300,2024-12-11
2024-12-31,10311,2024-12-29
2024-12-31,10323,2024-12-30
2024-12-31,10329,2024-10-26
2024-12-31,10332,2024-12-02
2024-12-31,10336,2024-10-17
2024-12-31,10345,2024-11-02
2024-12-31,10351,2024-12-06
2024-12-31,10352,2024-03-12
2024-12-31,10360,2024-12-30
2024-12-31,10363,2024-10-10
2024-12-31,10385,2024-12-18
2024-12-31,10392,2024-12-24
2024-12-31,10397,2024-11-07
2024-12-31,10423,2024-12-30
2024-12-31,10437,2024-12-12
2024-12-31,10451,2024-12-25
2024-12-31,10452,2024-12-24
2024-12-31,10456,2024-12-14
2024-12-31,10464,2024-11-11
2024-12-31,10475,2024-12-23
2024-12-31,10478,2024-11-12
2024-12-31,10499,2024-12-19
2024-12-31,10504,2024-11-10
2024-12-31,10506,2024-11-18
2024-12-31,10508,2024-12-10
2024-12-31,10509,2024-11-17
2024-12-31,10520,2024-11-02
2024-12-31,10536,2024-11-17
2024-12-31,10544,2024-12-09
2024-12-31,10552,2024-12-22
2024-12-31,10562,2024-12-06
2024-12-31,10570,2024-10-24
2024-12-31,10580,2024-12-05
2024-12-31,10590,2024-10-12
2024-12-31,10610,2024-09-09
2024-12-31,10613,2024-01-28
2024-12-31,10614,2024-12-23
2024-12-31,10619,2024-12-24
2024-12-31,10639,2024-12-01
2024-12-31,10654,2024-12-08
2024-12-31,10664,2024-12-02
2024-12-31,10683,2024-12-09
2024-12-31,10685,2024-11-08
2024-12-31,10688,2024-12-14
2024-12-31,10703,2024-12-17
2024-12-31,10708,2024-12-10
2024-12-31,10727,2024-12-08
2024-12-31,10730,2024-11-01
2024-12-31,10731,2024-12-16
2024-12-31,10742,2024-10-02
2024-12-31,10744,2024-12-20
2024-12-31,10760,2024-12-06
2024-12-31,10790,2024-12-27
2024-12-31,10805,2024-11-19
2024-12-31,10816,2024-12-16
2024-12-31,10824,2024-07-28
2024-12-31,10832,2024-12-21
2024-12-31,10840,2024-12-21
2024-12-31,10851,2024-12-21
2024-12-31,10856,2024-01-25
2024-12-31,10861,2024-12-26
2024-12-31,10864,2024-11-22
2024-12-31,10869,2024-11-02
2024-12-31,10874,2024-12-15
2024-12-31,10892,2024-11-20
2024-12-31,10906,2024-11-09
2024-12-31,10927,2024-12-17
2024-12-31,10938,2024-12-01
2024-12-31,10945,2024-12-08
2024-12-31,10975,2024-12-25
2024-12-31,10980,2024-12-25
2024-12-31,10984,2024-12-25
2024-12-31,11004,2024-12-20
2024-12-31,11005,2024-12-07
2024-12-31,11022,2024-11-16
2024-12-31,11025,2024-12-14
2024-12-31,11042,2024-12-01
2024-12-31,11052,2024-08-26
2024-12-31,11057,2024-12-06
2024-12-31,11072,2024-12-21
2024-12-31,11100,2024-11-01
2024-12-31,11109,2024-12-27
2024-12-31,11141,2024-12-26
2024-12-31,11144,2024-10-05
2024-12-31,11152,2024-12-14
2024-12-31,11173,2024-04-04
2024-12-31,11177,2024-12-13
2024-12-31,11178,2024-12-01
2024-12-31,11184,2024-12-21
2024-12-31,11189,2024-11-16
2024-12-31,11190,2024-11-05
2024-12-31,11191,2024-12-26
2024-12-31,11194,2024-11-23
2024-12-31,11229,2024-12-28
2024-12-31,11237,2024-03-12
2024-12-31,11247,2024-12-02
2024-12-31,11258,2024-06-08
2024-12-31,11260,2024-12-01
2024-12-31,11285,2024-12-13
2024-12-31,11287,2024-12-15
2024-12-31,11292,2024-04-17
2024-12-31,11298,2024-12-06
2024-12-31,11303,2024-12-09
2024-12-31,11309,2024-10-10
2024-12-31,11326,2024-12-23
2024-12-31,11333,2024-11-20
2024-12-31,11334,2024-12-09
2024-12-31,11341,2024-12-29
2024-12-31,11344,2024-12-13
2024-12-31,11360,2024-10-10
2024-12-31,11365,2024-11-26
2024-12-31,11370,2024-11-23
2024-12-31,11385,2024-10-30
2024-12-31,11393,2024-12-08
2024-12-31,11399,2024-11-17
2024-12-31,11401,2024-01-22
2024-12-31,11415,2024-11-12
2024-12-31,11416,2024-12-02
2024-12-31,11422,2024-12-04
2024-12-31,11438,2024-12-03
2024-12-31,11451,2024-11-08
2024-12-31,11465,2024-11-10
2024-12-31,11468,2024-12-28
2024-12-31,11469,2024-11-17
2024-12-31,11475,2024-12-29
2024-12-31,11477,2024-10-26
2024-12-31,11482,2024-10-23
2024-12-31,11499,2024-12-15
2024-12-31,11503,2024-12-08
2024-12-31,11519,2024-11-10
2024-12-31,11536,2024-02-23
2024-12-31,11547,2024-10-26
2024-12-31,11564,2024-12-26
2024-12-31,11568,2024-12-29
2024-12-31,11574,2024-12-28
2024-12-31,11603,2024-11-18
2024-12-31,11605,2024-12-28
2024-12-31,11606,2024-12-09
2024-12-31,11611,2024-11-18
2024-12-31,11615,2024-06-14
2024-12-31,11616,2024-12-16
2024-12-31,11620,2024-12-24
2024-12-31,11642,2024-12-20
2024-12-31,11659,2024-12-26
2024-12-31,11663,2024-12-05
2024-12-31,11664,2024-12-05
2024-12-31,11666,2024-10-17
2024-12-31,11678,2024-12-17
2024-12-31,11701,2024-12-05
2024-12-31,11702,2024-12-12
2024-12-31,11745,2024-12-03
2024-12-31,11748,2024-12-06
2024-12-31,11764,2024-12-03
2024-12-31,11765,2024-12-17
2024-12-31,11776,2024-12-29
2024-12-31,11787,2024-12-21
2024-12-31,11788,2024-04-29
2024-12-31,11791,2024-11-21
2024-12-31,11794,2024-12-13
2024-12-31,11800,2024-12-25
2024-12-31,11801,2024-11-11
2024-12-31,11802,2024-12-12
2024-12-31,11809,2024-12-26
2024-12-31,11823,2024-12-13
2024-12-31,11838,2024-11-19
2024-12-31,11853,2024-12-08
2024-12-31,11860,2024-12-23
2024-12-31,11863,2024-11-26
2024-12-31,11871,2024-08-01
2024-12-31,11874,2024-12-26
2024-12-31,11875,2024-10-31
2024-12-31,11883,2024-12-18
2024-12-31,11892,2024-04-24
2024-12-31,11896,2024-12-21
2024-12-31,11914,2024-11-06
2024-12-31,11917,2024-07-28
2024-12-31,11933,2024-12-23
2024-12-31,11944,2024-10-19
2024-12-31,11952,2024-12-15
2024-12-31,11953,2024-12-29
2024-12-31,11963,2024-12-06
2024-12-31,11966,2024-12-15
2024-12-31,11998,2024-12-25
2024-12-31,12019,2024-12-26
2024-12-31,12033,2024-12-13
2024-12-31,12035,2024-12-04
2024-12-31,12041,2024-12-12
2024-12-31,12048,2024-12-18
2024-12-31,12049,2024-12-18
2024-12-31,12055,2024-04-27
2024-12-31,12086,2024-12-27
2024-12-31,12101,2024-07-26
2024-12-31,12116,2024-12-29
2024-12-31,12121,2024-11-06
2024-12-31,12129,2024-10-30
2024-12-31,12130,2024-12-28
2024-12-31,12141,2024-05-11
2024-12-31,12146,2024-12-04
2024-12-31,12148,2024-11-03
2024-12-31,12174,2024-12-19
2024-12-31,12182,2024-12-24
2024-12-31,12189,2024-12-25
2024-12-31,12200,2024-12-02
2024-12-31,12219,2024-10-17
2024-12-31,12227,2024-12-20
2024-12-31,12234,2024-12-23
2024-12-31,12243,2024-07-01
2024-12-31,12285,2024-11-22
2024-12-31,12292,2024-12-20
2024-12-31,12295,2024-10-07
2024-12-31,12302,2024-10-17
2024-12-31,12305,2024-11-23
2024-12-31,12311,2024-11-20
2024-12-31,12327,2024-12-04
2024-12-31,12333,2024-12-13
2024-12-31,12342,2024-08-02
2024-12-31,12355,2024-12-13
2024-12-31,12358,2024-12-24
2024-12-31,12362,2024-11-27
2024-12-31,12364,2024-12-23
2024-12-31,12368,2024-12-11
2024-12-31,12385,2024-04-29
2024-12-31,12398,2024-11-06
2024-12-31,12405,2024-11-11
2024-12-31,12411,2024-11-18
2024-12-31,12414,2024-12-14
2024-12-31,12416,2024-11-29
2024-12-31,12440,2024-12-30
2024-12-31,12441,2024-01-27
2024-12-31,12442,2024-10-25
2024-12-31,12450,2024-12-12
2024-12-31,12467,2024-12-22
2024-12-31,12480,2024-12-17
2024-12-31,12482,2024-12-23
2024-12-31,12489,2024-12-03
2024-12-31,12497,2024-12-28
2024-12-31,12499,2024-12-24
2024-12-31,12501,2024-10-08
2024-12-31,12512,2024-12-27
2024-12-31,12516,2024-12-03
2024-12-31,12518,2024-12-24
2024-12-31,12535,2024-12-05
2024-12-31,12537,2024-12-30
2024-12-31,12539,2024-12-29
2024-12-31,12541,2024-12-17
2024-12-31,12548,2024-05-18
2024-12-31,12554,2024-11-01
2024-12-31,12557,2024-10-13
2024-12-31,12564,2024-12-19
2024-12-31,12567,2024-12-25
2024-12-31,12580,2024-10-12
2024-12-31,12587,2024-12-07
2024-12-31,12591,2024-12-25
2024-12-31,12592,2024-12-24
2024-12-31,12595,2024-12-30
2024-12-31,12596,2024-11-13
2024-12-31,12604,2024-12-12
2024-12-31,12609,2024-12-26
2024-12-31,12628,2024-11-15
2024-12-31,12637,2024-10-03
2024-12-31,12653,2024-12-30
2024-12-31,12656,2024-12-24
2024-12-31,12663,2024-12-16
2024-12-31,12667,2024-10-17
2024-12-31,12672,2024-12-13
2024-12-31,12674,2024-10-25
2024-12-31,12678,2024-12-16
2024-12-31,12690,2024-07-30
2024-12-31,12710,2024-12-18
2024-12-31,12711,2024-12-02
2024-12-31,12713,2024-09-10
2024-12-31,12716,2024-12-18
2024-12-31,12731,2024-10-12
2024-12-31,12742,2024-12-20
2024-12-31,12748,2024-11-24
2024-12-31,12751,2024-11-28
2024-12-31,12758,2024-10-23
2024-12-31,12760,2024-12-11
2024-12-31,12779,2024-12-25
2024-12-31,12785,2024-10-11
2024-12-31,12788,2024-12-16
2024-12-31,12790,2024-10-14
2024-12-31,12798,2024-02-08
2024-12-31,12800,2024-05-27
2024-12-31,12815,2024-12-02
2024-12-31,12822,2024-12-11
2024-12-31,12839,2024-05-09
2024-12-31,12849,2024-07-04
2024-12-31,12906,2024-12-11
2024-12-31,12910,2024-12-13
2024-12-31,12912,2024-12-19
2024-12-31,12913,2024-12-01
2024-12-31,12921,2024-12-27
2024-12-31,12922,2024-04-24
2024-12-31,12929,2024-12-02
2024-12-31,12942,2024-11-19
2024-12-31,12944,2024-11-19
2024-12-31,12968,2024-12-18
2024-12-31,12973,2024-12-13
2024-12-31,12985,2024-12-25
2024-12-31,13003,2024-12-07
2024-12-31,13005,2024-12-05
2024-12-31,13006,2024-12-11
2024-12-31,13008,2024-12-03
2024-12-31,13026,2024-12-27
2024-12-31,13046,2024-12-22
2024-12-31,13056,2024-12-23
2024-12-31,13057,2024-11-20
2024-12-31,13062,2024-06-12
2024-12-31,13066,2024-11-02
2024-12-31,13100,2024-09-15
2024-12-31,13115,2024-12-16
2024-12-31,13121,2024-12-17
2024-12-31,13136,2024-10-05
2024-12-31,13143,2024-12-28
2024-12-31,13149,2024-12-03
2024-12-31,13153,2024-12-19
2024-12-31,13163,2024-12-13
2024-12-31,13165,2024-11-29
2024-12-31,13174,2024-12-09
2024-12-31,13184,2024-12-17
2024-12-31,13201,2024-12-28
2024-12-31,13204,2024-12-15
2024-12-31,13208,2024-12-17
2024-12-31,13209,2024-01-08
2024-12-31,13220,2024-01-06
2024-12-31,13231,2024-12-27
2024-12-31,13254,2024-12-18
2024-12-31,13267,2024-12-07
2024-12-31,13268,2024-12-04
2024-12-31,13295,2024-11-20
2024-12-31,13316,2024-10-05
2024-12-31,13319,2024-10-28
2024-12-31,13320,2024-12-16
2024-12-31,13325,2024-12-29
2024-12-31,13326,2024-12-08
2024-12-31,13327,2024-12-04
2024-12-31,13328,2024-11-26
2024-12-31,13329,2024-10-21
2024-12-31,13338,2024-12-21
2024-12-31,13343,2024-11-03
2024-12-31,13346,2024-12-07
2024-12-31,13353,2024-12-18
2024-12-31,13362,2024-12-05
2024-12-31,13367,2024-12-15
2024-12-31,13375,2024-12-16
2024-12-31,13389,2024-12-26
2024-12-31,13401,2024-12-29
2024-12-31,13409,2024-12-14
2024-12-31,13410,2024-12-19
2024-12-31,13417,2024-12-07
2024-12-31,13419,2024-12-23
2024-12-31,13420,2024-12-20
2024-12-31,13433,2024-11-29
2024-12-31,13440,2024-12-21
2024-12-31,13446,2024-11-11
2024-12-31,13452,2024-10-17
2024-12-31,13461,2024-10-17
2024-12-31,13462,2024-12-11
2024-12-31,13467,2024-12-05
2024-12-31,13475,2024-10-16
2024-12-31,13477,2024-10-03
2024-12-31,13501,2024-12-06
2024-12-31,13538,2024-12-04
2024-12-31,13545,2024-11-17
2024-12-31,13571,2024-12-07
2024-12-31,13573,2024-12-30
2024-12-31,13576,2024-11-01
2024-12-31,13584,2024-12-08
2024-12-31,13591,2024-12-10
2024-12-31,13595,2024-11-18
2024-12-31,13597,2024-12-10
2024-12-31,13602,2024-12-18
2024-12-31,13605,2024-12-09
2024-12-31,13607,2024-12-15
2024-12-31,13609,2024-12-14
2024-12-31,13611,2024-12-02
2024-12-31,13624,2024-12-15
2024-12-31,13676,2024-10-28
2024-12-31,13696,2024-11-12
2024-12-31,13698,2024-11-21
2024-12-31,13700,2024-12-04
2024-12-31,13702,2024-11-12
2024-12-31,13706,2024-12-15
2024-12-31,13720,2024-10-19
2024-12-31,13738,2024-04-17
2024-12-31,13754,2024-12-10
2024-12-31,13757,2024-12-01
2024-12-31,13759,2024-12-05
2024-12-31,13770,2024-12-15
2024-12-31,13786,2024-12-16
2024-12-31,13791,2024-12-21
2024-12-31,13796,2024-12-24
2024-12-31,13837,2024-12-02
2024-12-31,13852,2024-12-16
2024-12-31,13886,2024-01-29
2024-12-31,13887,2024-12-23
2024-12-31,13892,2024-12-05
2024-12-31,13905,2024-12-30
2024-12-31,13909,2024-11-10
2024-12-31,13910,2024-12-22
2024-12-31,13921,2024-12-10
2024-12-31,13933,2024-12-17
2024-12-31,13937,2024-12-06
2024-12-31,13939,2024-04-02
2024-12-31,13945,2024-12-09
2024-12-31,13958,2024-11-13
2024-12-31,14006,2024-12-30
2024-12-31,14007,2024-12-29
2024-12-31,14021,2024-12-15
2024-12-31,14032,2024-05-02
2024-12-31,14038,2024-12-07
2024-12-31,14039,2024-01-21
2024-12-31,14102,2024-12-18
2024-12-31,14108,2024-07-12
2024-12-31,14128,2024-12-09
2024-12-31,14129,2024-12-23
2024-12-31,14172,2024-11-27
2024-12-31,14175,2024-12-27
2024-12-31,14203,2024-10-08
2024-12-31,14211,2024-10-07
2024-12-31,14225,2024-12-03
2024-12-31,14230,2024-12-25
2024-12-31,14233,2024-01-22
2024-12-31,14240,2024-08-02
2024-12-31,14242,2024-12-01
2024-12-31,14251,2024-12-11
2024-12-31,14260,2024-06-27
2024-12-31,14273,2024-12-27
2024-12-31,14288,2024-12-04
2024-12-31,14292,2024-02-25
2024-12-31,14312,2024-10-30
2024-12-31,14325,2024-09-22
2024-12-31,14330,2024-12-19
2024-12-31,14331,2024-12-23
2024-12-31,14338,2024-10-29
2024-12-31,14345,2024-11-28
2024-12-31,14358,2024-11-18
2024-12-31,14359,2024-12-08
2024-12-31,14374,2024-12-07
2024-12-31,14391,2024-12-21
2024-12-31,14407,2024-11-08
2024-12-31,14434,2024-06-24
2024-12-31,14438,2024-12-14
2024-12-31,14464,2024-12-14
2024-12-31,14471,2024-12-20
2024-12-31,14477,2024-12-07
2024-12-31,14479,2024-03-10
2024-12-31,14480,2024-07-08
2024-12-31,14498,2024-12-05
2024-12-31,14502,2024-05-28
2024-12-31,14503,2024-10-09
2024-12-31,14505,2024-12-16
2024-12-31,14506,2024-12-20
2024-12-31,14531,2024-11-12
2024-12-31,14532,2024-11-10
2024-12-31,14561,2024-12-12
2024-12-31,14564,2024-12-05
2024-12-31,14570,2024-10-29
2024-12-31,14585,2024-12-01
2024-12-31,14607,2024-11-17
2024-12-31,14610,2024-12-09
2024-12-31,14614,2024-12-04
2024-12-31,14645,2024-02-26
2024-12-31,14653,2024-11-04
2024-12-31,14668,2024-12-24
2024-12-31,14669,2024-12-01
2024-12-31,14683,2024-12-30
2024-12-31,14685,2024-12-13
2024-12-31,14686,2024-11-10
2024-12-31,14690,2024-11-24
2024-12-31,14696,2024-12-17
2024-12-31,14697,2024-12-20
2024-12-31,14699,2024-12-03
2024-12-31,14720,2024-11-24
2024-12-31,14736,2024-11-20
2024-12-31,14745,2024-12-01
2024-12-31,14759,2024-12-07
2024-12-31,14788,2024-12-06
2024-12-31,14789,2024-11-19
2024-12-31,14799,2024-12-03
2024-12-31,14816,2024-05-19
2024-12-31,14817,2024-11-23
2024-12-31,14835,2024-12-08
2024-12-31,14836,2024-10-04
2024-12-31,14848,2024-12-28
2024-12-31,14849,2024-10-02
2024-12-31,14850,2024-12-09
2024-12-31,14861,2024-11-08
2024-12-31,14888,2024-12-22
2024-12-31,14894,2024-12-19
2024-12-31,14896,2024-12-22
2024-12-31,14903,2024-11-07
2024-12-31,14905,2024-12-16
2024-12-31,14906,2024-12-19
2024-12-31,14920,2024-10-12
2024-12-31,14931,2024-12-28
2024-12-31,14938,2024-12-21
2024-12-31,14942,2024-09-23
2024-12-31,14990,2024-11-26
2024-12-31,14999,2024-11-22
2024-12-31,15034,2024-12-02
2024-12-31,15040,2024-12-06
2024-12-31,15044,2024-11-07
2024-12-31,15062,2024-12-11
2024-12-31,15085,2024-12-20
2024-12-31,15095,2024-12-13
2024-12-31,15096,2024-12-01
2024-12-31,15100,2024-12-15
2024-12-31,15103,2024-11-26
2024-12-31,15116,2024-11-15
2024-12-31,15122,2024-11-20
2024-12-31,15123,2024-10-28
2024-12-31,15125,2024-08-28
2024-12-31,15133,2024-12-07
2024-12-31,15137,2024-08-25
2024-12-31,15179,2024-11-04
2024-12-31,15181,2024-12-14
2024-12-31,15184,2024-12-22
2024-12-31,15191,2024-12-18
2024-12-31,15207,2024-10-15
2024-12-31,15244,2024-12-11
2024-12-31,15245,2024-12-27
2024-12-31,15246,2024-11-08
2024-12-31,15247,2024-08-24
2024-12-31,15252,2024-12-17
2024-12-31,15268,2024-12-06
2024-12-31,15284,2024-11-14
2024-12-31,15320,2024-10-23
2024-12-31,15333,2024-12-06
2024-12-31,15338,2024-12-26
2024-12-31,15344,2024-12-27
2024-12-31,15350,2024-12-24
2024-12-31,15351,2024-03-10
2024-12-31,15356,2024-12-14
2024-12-31,15364,2024-12-07
2024-12-31,15386,2024-12-04
2024-12-31,15388,2024-09-09
2024-12-31,15389,2024-12-23
2024-12-31,15397,2024-05-29
2024-12-31,15398,2024-03-13
2024-12-31,15412,2024-12-10
2024-12-31,15421,2024-03-13
2024-12-31,15427,2024-12-22
2024-12-31,15439,2024-12-27
2024-12-31,15442,2024-12-03
2024-12-31,15448,2024-11-27
2024-12-31,15452,2024-11-19
2024-12-31,15458,2024-11-01
2024-12-31,15466,2024-12-08
2024-12-31,15481,2024-12-18
2024-12-31,15482,2024-09-19
2024-12-31,15488,2024-12-15
2024-12-31,15489,2024-12-08
2024-12-31,15490,2024-12-20
2024-12-31,15494,2024-11-19
2024-12-31,15495,2024-04-21
2024-12-31,15519,2024-11-28
2024-12-31,15528,2024-06-27
2024-12-31,15532,2024-12-11
2024-12-31,15535,2024-12-29
2024-12-31,15538,2024-12-02
2024-12-31,15543,2024-10-22
2024-12-31,15550,2024-05-17
2024-12-31,15571,2024-11-01
2024-12-31,15578,2024-12-20
2024-12-31,15582,2024-11-02
2024-12-31,15597,2024-12-05
2024-12-31,15600,2024-12-11
2024-12-31,15616,2024-12-18
2024-12-31,15619,2024-02-01
2024-12-31,15624,2024-12-09
2024-12-31,15625,2024-10-18
2024-12-31,15631,2024-08-05
2024-12-31,15634,2024-12-11
2024-12-31,15638,2024-12-29
2024-12-31,15644,2024-11-09
2024-12-31,15647,2024-12-01
2024-12-31,15659,2024-03-25
2024-12-31,15665,2024-12-02
2024-12-31,15668,2024-12-05
2024-12-31,15682,2024-12-11
2024-12-31,15693,2024-10-27
2024-12-31,15724,2024-10-02
2024-12-31,15728,2024-12-12
2024-12-31,15744,2024-12-18
2024-12-31,15751,2024-11-13
2024-12-31,15759,2024-12-28
2024-12-31,15762,2024-12-21
2024-12-31,15764,2024-12-08
2024-12-31,15766,2024-12-08
2024-12-31,15767,2024-12-05
2024-12-31,15795,2024-02-13
2024-12-31,15798,2024-10-02
2024-12-31,15799,2024-12-07
2024-12-31,15811,2024-10-16
2024-12-31,15824,2024-12-21
2024-12-31,15835,2024-12-07
2024-12-31,15840,2024-12-18
2024-12-31,15846,2024-12-07
2024-12-31,15852,2024-02-29
2024-12-31,15854,2024-12-03
2024-12-31,15872,2024-11-13
2024-12-31,15892,2024-12-08
2024-12-31,15897,2024-11-08
2024-12-31,15922,2024-12-03
2024-12-31,15964,2024-10-23
2024-12-31,15974,2024-05-17
2024-12-31,15995,2024-12-01
2024-12-31,16029,2024-05-07
2024-12-31,16033,2024-12-30
2024-12-31,16034,2024-11-13
2024-12-31,16041,2024-12-26
2024-12-31,16054,2024-11-29
2024-12-31,16060,2024-10-15
2024-12-31,16072,2024-11-15
2024-12-31,16104,2024-11-14
2024-12-31,16117,2024-11-15
2024-12-31,16118,2024-11-28
2024-12-31,16128,2024-11-21
2024-12-31,16139,2024-12-17
2024-12-31,16140,2024-10-23
2024-12-31,16142,2024-12-30
2024-12-31,16150,2024-12-12
2024-12-31,16169,2024-12-09
2024-12-31,16184,2024-12-18
2024-12-31,16193,2024-10-14
2024-12-31,16200,2024-12-24
2024-12-31,16201,2024-12-11
2024-12-31,16213,2024-11-23
2024-12-31,16220,2024-12-16
2024-12-31,16226,2024-11-02
2024-12-31,16249,2024-04-14
2024-12-31,16253,2024-12-13
2024-12-31,16290,2024-12-15
2024-12-31,16292,2024-10-07
2024-12-31,16298,2024-11-23
2024-12-31,16300,2024-12-25
2024-12-31,16309,2024-06-04
2024-12-31,16320,2024-10-10
2024-12-31,16324,2024-11-11
2024-12-31,16326,2024-12-14
2024-12-31,16329,2024-12-05
2024-12-31,16333,2024-11-10
2024-12-31,16339,2024-05-04
2024-12-31,16341,2024-12-23
2024-12-31,16347,2024-11-30
2024-12-31,16355,2024-05-22
2024-12-31,16362,2024-12-07
2024-12-31,16364,2024-11-30
2024-12-31,16372,2024-12-07
2024-12-31,16390,2024-02-22
2024-12-31,16417,2024-12-13
2024-12-31,16418,2024-12-11
2024-12-31,16429,2024-12-01
2024-12-31,16439,2024-12-06
2024-12-31,16445,2024-03-06
2024-12-31,16449,2024-12-16
2024-12-31,16468,2024-10-07
2024-12-31,16488,2024-01-10
2024-12-31,16510,2024-11-04
2024-12-31,16514,2024-11-30
2024-12-31,16520,2024-11-15
2024-12-31,16521,2024-10-06
2024-12-31,16543,2024-12-28
2024-12-31,16586,2024-12-18
2024-12-31,16614,2024-11-24
2024-12-31,16627,2024-11-02
2024-12-31,16647,2024-11-15
2024-12-31,16654,2024-12-20
2024-12-31,16697,2024-11-28
2024-12-31,16710,2024-11-13
2024-12-31,16717,2024-12-29
2024-12-31,16736,2024-12-11
2024-12-31,16770,2024-12-06
2024-12-31,16771,2024-11-25
2024-12-31,16798,2024-11-25
2024-12-31,16808,2024-12-17
2024-12-31,16831,2024-08-27
2024-12-31,16832,2024-12-28
2024-12-31,16835,2024-12-26
2024-12-31,16852,2024-10-24
2024-12-31,16859,2024-11-10
2024-12-31,16862,2024-12-12
2024-12-31,16870,2024-11-19
2024-12-31,16876,2024-11-28
2024-12-31,16894,2024-06-02
2024-12-31,16896,2024-12-29
2024-12-31,16902,2024-11-26
2024-12-31,16915,2024-04-13
2024-12-31,16916,2024-12-24
2024-12-31,16940,2024-02-23
2024-12-31,16943,2024-12-22
2024-12-31,16975,2024-12-21
2024-12-31,16987,2024-11-24
2024-12-31,17013,2024-11-21
2024-12-31,17045,2024-12-21
2024-12-31,17047,2024-12-05
2024-12-31,17051,2024-12-03
2024-12-31,17056,2024-12-28
2024-12-31,17062,2024-12-17
2024-12-31,17068,2024-12-14
2024-12-31,17076,2024-12-06
2024-12-31,17091,2024-12-25
2024-12-31,17095,2024-12-26
2024-12-31,17098,2024-12-26
2024-12-31,17100,2024-12-23
2024-12-31,17106,2024-12-27
2024-12-31,17163,2024-12-23
2024-12-31,17167,2024-12-05
2024-12-31,17169,2024-01-08
2024-12-31,17172,2024-12-19
2024-12-31,17180,2024-02-27
2024-12-31,17198,2024-12-09
2024-12-31,17222,2024-11-08
2024-12-31,17258,2024-12-23
2024-12-31,17284,2024-11-04
2024-12-31,17287,2024-05-19
2024-12-31,17297,2024-12-06
2024-12-31,17302,2024-11-10
2024-12-31,17303,2024-11-25
2024-12-31,17318,2024-10-02
2024-12-31,17320,2024-12-17
2024-12-31,17322,2024-12-08
2024-12-31,17342,2024-03-04
2024-12-31,17344,2024-12-20
2024-12-31,17380,2024-11-16
2024-12-31,17386,2024-10-04
2024-12-31,17400,2024-11-28
2024-12-31,17404,2024-12-22
2024-12-31,17419,2024-12-27
2024-12-31,17423,2024-12-09
2024-12-31,17425,2024-12-28
2024-12-31,17437,2024-11-13
2024-12-31,17444,2024-12-10
2024-12-31,17462,2024-11-02
2024-12-31,17464,2024-12-23
2024-12-31,17497,2024-02-20
2024-12-31,17509,2024-11-10
2024-12-31,17523,2024-11-15
2024-12-31,17568,2024-12-22
2024-12-31,17586,2024-11-19
2024-12-31,17593,2024-12-01
2024-12-31,17599,2024-10-26
2024-12-31,17615,2024-11-05
2024-12-31,17629,2024-12-25
2024-12-31,17648,2024-11-19
2024-12-31,17674,2024-12-03
2024-12-31,17684,2024-11-08
2024-12-31,17692,2024-08-18
2024-12-31,17696,2024-11-02
2024-12-31,17700,2024-12-02
2024-12-31,17701,2024-10-23
2024-12-31,17740,2024-12-04
2024-12-31,17741,2024-10-21
2024-12-31,17750,2024-11-21
2024-12-31,17779,2024-12-15
2024-12-31,17819,2024-10-21
2024-12-31,17832,2024-12-03
2024-12-31,17834,2024-12-05
2024-12-31,17837,2024-12-23
2024-12-31,17858,2024-12-14
2024-12-31,17874,2024-12-02
2024-12-31,17879,2024-10-06
2024-12-31,17883,2024-12-25
2024-12-31,17891,2024-12-05
2024-12-31,17895,2024-11-05
2024-12-31,17904,2024-12-27
2024-12-31,17905,2024-12-03
2024-12-31,17910,2024-12-15
2024-12-31,17911,2024-11-01
2024-12-31,17914,2024-12-14
2024-12-31,17919,2024-11-22
2024-12-31,17920,2024-11-19
2024-12-31,17933,2024-11-05
2024-12-31,17957,2024-11-20
2024-12-31,17960,2024-09-09
2024-12-31,17966,2024-12-09
2024-12-31,17975,2024-10-09
2024-12-31,17988,2024-10-06
2024-12-31,17997,2024-12-03
2024-12-31,18003,2024-12-04
2024-12-31,18004,2024-11-16
2024-12-31,18016,2024-12-18
2024-12-31,18029,2024-12-15
2024-12-31,18032,2024-11-25
2024-12-31,18033,2024-10-04
2024-12-31,18036,2024-12-02
2024-12-31,18051,2024-12-18
2024-12-31,18060,2024-12-27
2024-12-31,18067,2024-12-27
2024-12-31,18071,2024-11-26
2024-12-31,18074,2024-12-29
2024-12-31,18089,2024-12-02
2024-12-31,18105,2024-11-24
2024-12-31,18113,2024-10-11
2024-12-31,18118,2024-12-19
2024-12-31,18121,2024-11-08
2024-12-31,18131,2024-12-07
2024-12-31,18150,2024-12-13
2024-12-31,18153,2024-12-08
2024-12-31,18164,2024-12-13
2024-12-31,18170,2024-12-08
2024-12-31,18225,2024-11-23
2024-12-31,18226,2024-12-24
2024-12-31,18236,2024-12-28
2024-12-31,18241,2024-11-29
2024-12-31,18252,2024-11-28
2024-12-31,18268,2024-12-11
2024-12-31,18327,2024-12-14
2024-12-31,18352,2024-12-04
2024-12-31,18356,2024-11-07
2024-12-31,18357,2024-12-23
2024-12-31,18378,2024-12-27
2024-12-31,18396,2024-06-18
2024-12-31,18400,2024-12-18
2024-12-31,18403,2024-12-20
2024-12-31,18410,2024-12-14
2024-12-31,18441,2024-11-15
2024-12-31,18446,2024-12-23
2024-12-31,18460,2024-12-26
2024-12-31,18483,2024-12-03
2024-12-31,18488,2024-12-07
2024-12-31,18492,2024-10-05
2024-12-31,18506,2024-12-07
2024-12-31,18534,2024-11-01
2024-12-31,18546,2024-12-09
2024-12-31,18580,2024-11-18
2024-12-31,18585,2024-12-17
2024-12-31,18593,2024-12-10
2024-12-31,18608,2024-10-07
2024-12-31,18621,2024-12-26
2024-12-31,18630,2024-12-26
2024-12-31,18632,2024-10-26
2024-12-31,18675,2024-12-10
2024-12-31,18687,2024-12-16
2024-12-31,18701,2024-12-27
2024-12-31,18715,2024-12-29
2024-12-31,18725,2024-12-26
2024-12-31,18746,2024-12-07
2024-12-31,18752,2024-12-20
2024-12-31,18753,2024-12-20
2024-12-31,18759,2024-12-21
2024-12-31,18762,2024-12-02
2024-12-31,18764,2024-07-05
2024-12-31,18767,2024-11-26
2024-12-31,18776,2024-12-02
2024-12-31,18779,2024-11-07
2024-12-31,18785,2024-11-26
2024-12-31,18792,2024-12-03
2024-12-31,18800,2024-12-07
2024-12-31,18817,2024-12-28
2024-12-31,18825,2024-11-08
2024-12-31,18830,2024-10-16
2024-12-31,18838,2024-11-24
2024-12-31,18841,2024-12-05
2024-12-31,18846,2024-11-01
2024-12-31,18850,2024-12-26
2024-12-31,18854,2024-12-28
2024-12-31,18891,2024-11-29
2024-12-31,18901,2024-10-22
2024-12-31,18902,2024-12-24
2024-12-31,18910,2024-11-25
2024-12-31,18912,2024-10-02
2024-12-31,18914,2024-11-29
2024-12-31,18916,2024-12-07
2024-12-31,18926,2024-12-16
2024-12-31,18927,2024-12-21
2024-12-31,18931,2024-11-02
2024-12-31,18936,2024-12-04
2024-12-31,18939,2024-12-25
2024-12-31,18949,2024-12-30
2024-12-31,18985,2024-12-24
2024-12-31,19003,2024-12-27
2024-12-31,19061,2024-12-21
2024-12-31,19068,2024-12-29
2024-12-31,19073,2024-11-25
2024-12-31,19075,2024-05-24
2024-12-31,19082,2024-12-02
2024-12-31,19083,2024-11-07
2024-12-31,19090,2024-03-17
2024-12-31,19099,2024-09-20
2024-12-31,19120,2024-12-04
2024-12-31,19122,2024-11-25
2024-12-31,19138,2024-12-05
2024-12-31,19144,2024-11-06
2024-12-31,19174,2024-12-30
2024-12-31,19176,2024-11-15
2024-12-31,19196,2024-11-08
2024-12-31,19212,2024-11-17
2024-12-31,19226,2024-12-15
2024-12-31,19244,2024-11-26
2024-12-31,19253,2024-12-21
2024-12-31,19255,2024-12-30
2024-12-31,19273,2024-12-18
2024-12-31,19289,2024-12-20
2024-12-31,19292,2024-11-29
2024-12-31,19296,2024-10-10
2024-12-31,19333,2024-12-02
2024-12-31,19349,2024-10-16
2024-12-31,19368,2024-11-29
2024-12-31,19380,2024-11-18
2024-12-31,19391,2024-11-25
2024-12-31,19398,2024-12-02
2024-12-31,19403,2024-12-17
2024-12-31,19416,2024-11-17
2024-12-31,19424,2024-12-09
2024-12-31,19425,2024-04-27
2024-12-31,19430,2024-12-26
2024-12-31,19447,2024-12-05
2024-12-31,19451,2024-12-12
2024-12-31,19456,2024-10-04
2024-12-31,19458,2024-10-17
2024-12-31,19459,2024-12-09
2024-12-31,19462,2024-12-14
2024-12-31,19470,2024-12-25
2024-12-31,19478,2024-08-08
2024-12-31,19491,2024-11-14
2024-12-31,19501,2024-12-24
2024-12-31,19512,2024-12-14
2024-12-31,19514,2024-11-28
2024-12-31,19522,2024-12-29
2024-12-31,19527,2024-12-07
2024-12-31,19550,2024-12-16
2024-12-31,19575,2024-12-26
2024-12-31,19586,2024-12-15
2024-12-31,19609,2024-12-08
2024-12-31,19621,2024-10-15
2024-12-31,19629,2024-12-24
2024-12-31,19630,2024-12-14
2024-12-31,19636,2024-12-15
2024-12-31,19648,2024-12-22
2024-12-31,19650,2024-11-21
2024-12-31,19652,2024-07-02
2024-12-31,19657,2024-11-30
2024-12-31,19660,2024-10-05
2024-12-31,19668,2024-11-20
2024-12-31,19684,2024-12-11
2024-12-31,19693,2024-11-20
2024-12-31,19702,2024-08-30
2024-12-31,19716,2024-11-09
2024-12-31,19750,2024-12-18
2024-12-31,19761,2024-12-15
2024-12-31,19765,2024-12-24
2024-12-31,19779,2024-12-08
2024-12-31,19786,2024-11-29
2024-12-31,19788,2024-12-23
2024-12-31,19801,2024-11-03
2024-12-31,19807,2024-10-18
2024-12-31,19808,2024-10-25
2024-12-31,19813,2024-12-26
2024-12-31,19819,2024-09-25
2024-12-31,19826,2024-12-28
2024-12-31,19827,2024-12-30
